epoch,min_v_loss,t_ce,v_ce
1,4.502399615888242,4.663508932230049,4.502399615888242
